id,name,type,category,phone,address,city,county,website,verified,events,tier,refresh_frequency,source_file,last_updated
26490010,"Buckhorn Gun & Pawn","Gun Store, Gunsmith, Pawn, FFL Dealer",retail,208-377-2535,"6601 W Ustick Rd, Boise, ID 83704",Boise,Ada,buckhornguns.com,true,,1,daily,docs/ada_county_gun_stores_comprehensive.csv,2025-08-18T23:40:42.152Z
070d9776,"Cliff's Guns Safes & Reloading","Gun Store, Gunsmith, FFL Dealer",retail,208-375-8694,"11505 W Fairview Ave #101, Boise, ID 83713",Boise,Ada,gunsamerica.com/Search/Lister/193/Cliffs_Guns_Safes_Reloading,true,,1,daily,docs/ada_county_gun_stores_comprehensive.csv,2025-08-18T23:40:42.153Z
9a5b8f7e,"Impact Guns","Gun Store, Indoor Range, FFL Dealer",ranges,208-321-1288,"11655 W Executive Dr, Boise, ID 83713",Boise,Ada,impactguns.com,true,,1,daily,docs/ada_county_gun_stores_comprehensive.csv,2025-08-18T23:40:42.153Z
1857dd5b,"Al's Sporting Goods","Gun Store, FFL Dealer",retail,208-801-7494,"1301 N Milwaukee St, Boise, ID 83704",Boise,Ada,,true,,1,daily,docs/ada_county_gun_stores_comprehensive.csv,2025-08-18T23:40:42.153Z
2d3e421d,"20/20 Sporting Services","Gun Store, FFL Dealer",retail,208-866-4870,"1175 W Boise Ave Suite A, Boise, ID 83706",Boise,Ada,,true,,1,daily,docs/ada_county_gun_stores_comprehensive.csv,2025-08-18T23:40:42.153Z
fe60c638,"Rifle Guru","Gun Store, Gunsmith, FFL Dealer",retail,N/A,"5282 W White Hills Dr, Boise, ID 83714",Boise,Ada,,true,,1,daily,docs/ada_county_gun_stores_comprehensive.csv,2025-08-18T23:40:42.153Z
30bd9d70,"Ada Armaments","Gun Manufacturer",retail,N/A,"7305 S Glenridge View Dr, Boise, ID 83709",Boise,Ada,,true,,2,weekly,docs/ada_county_gun_stores_comprehensive.csv,2025-08-18T23:40:42.153Z
4824a48d,"American Reserve Munitions LLC","Gun Manufacturer",retail,N/A,"3601 W Chinden Blvd, Boise, ID 83714",Boise,Ada,,true,,2,weekly,docs/ada_county_gun_stores_comprehensive.csv,2025-08-18T23:40:42.153Z
0d2d3469,"High Born Tactical","Gun Manufacturer",retail,N/A,"400 N Five Mile Rd, Boise, ID 83713",Boise,Ada,,true,,2,weekly,docs/ada_county_gun_stores_comprehensive.csv,2025-08-18T23:40:42.154Z
c53a7e9b,"Automatic Weapons Company","Gun Manufacturer",retail,208-938-2173,"15005 N McFarland Creek Rd #B, Boise, ID 83714",Boise,Ada,,true,,2,weekly,docs/ada_county_gun_stores_comprehensive.csv,2025-08-18T23:40:42.154Z
282f30f7,"I2AT","Gun Manufacturer",retail,N/A,"5202 N Morninggale Way, Boise, ID 83713",Boise,Ada,,true,,2,weekly,docs/ada_county_gun_stores_comprehensive.csv,2025-08-18T23:40:42.155Z
b5a0bca1,"Aviation Specialties Unlimited Inc","Gun Store, FFL Dealer",retail,208-426-8117,"4632 West Aeronca St, Boise, ID 83705",Boise,Ada,,true,,1,daily,docs/ada_county_gun_stores_comprehensive.csv,2025-08-18T23:40:42.155Z
34f3440e,"Allterra Arms","Gun Store, Gunsmith, FFL Dealer",retail,208-608-5179,"6898 Supply Way Ste 100, Boise, ID 83716",Boise,Ada,,true,,1,daily,docs/ada_county_gun_stores_comprehensive.csv,2025-08-18T23:40:42.155Z
c5967519,"Axial Precision LLC","Gun Store, Gunsmith",retail,208-608-5179,"Boise, ID",Boise,Ada,,true,,1,daily,docs/ada_county_gun_stores_comprehensive.csv,2025-08-18T23:40:42.155Z
7547ba02,"Blue Line Guns","Gun Store, FFL Dealer",retail,208-639-1653,"Boise, ID",Boise,Ada,,true,,1,daily,docs/ada_county_gun_stores_comprehensive.csv,2025-08-18T23:40:42.155Z
02ee946f,"Caracal USA","Gun Manufacturer",retail,208-323-8727,"Boise, ID",Boise,Ada,,true,,2,weekly,docs/ada_county_gun_stores_comprehensive.csv,2025-08-18T23:40:42.155Z
e95edf88,"Fall River Arms","Gun Store, FFL Dealer",retail,208-629-3910,"Boise, ID",Boise,Ada,,true,,1,daily,docs/ada_county_gun_stores_comprehensive.csv,2025-08-18T23:40:42.155Z
d51d261c,"Idaho Guns","Gun Store, FFL Dealer",retail,208-378-1600,"8600 W Franklin Rd, Boise, ID 83709",Boise,Ada,,true,,1,daily,docs/ada_county_gun_stores_comprehensive.csv,2025-08-18T23:40:42.155Z
7d134bfc,"Boise Gun Company Inc","Gun Store, Gunsmith, FFL Dealer",retail,208-376-4440,"4105 Adams St, Garden City, ID 83714",Garden City,Ada,boisegun.com,true,,2,weekly,docs/ada_county_gun_stores_comprehensive.csv,2025-08-18T23:40:42.155Z
0071026e,"Combat Sport Supply","Gun Store, Sporting Goods",retail,208-336-1927,"208 E 37th St #10, Garden City, ID 83714",Garden City,Ada,,true,,2,weekly,docs/ada_county_gun_stores_comprehensive.csv,2025-08-18T23:40:42.155Z
c72e7ea8,"Gem State Guns LLC","Gun Store, FFL Dealer",retail,208-724-1851,"Boise, ID 83705",Boise,Ada,,true,,1,daily,docs/ada_county_gun_stores_comprehensive.csv,2025-08-18T23:40:42.155Z
ed3ade5e,"Walker Tactical Firearms LLC","Gun Store, FFL Dealer",retail,208-869-1508,"1547 S Boulder View Ln, Boise, ID 83712",Boise,Ada,,true,,1,daily,docs/ada_county_gun_stores_comprehensive.csv,2025-08-18T23:40:42.155Z
6a19ccd6,"Idaho Surplus Sales","Gun Store, FFL Dealer",retail,N/A,"Boise, ID 83709",Boise,Ada,,true,,1,daily,docs/ada_county_gun_stores_comprehensive.csv,2025-08-18T23:40:42.155Z
587026cf,"Tactical Solutions Inc","Gun Manufacturer, Gun Store",retail,208-333-9901,"2181 Commerce Ave, Boise, ID 83705",Boise,Ada,,true,,1,daily,docs/ada_county_gun_stores_comprehensive.csv,2025-08-18T23:40:42.155Z
77d61430,"Overland Armament Inc","Gun Store, FFL Dealer",retail,208-672-0558,"7103 W Overland Rd, Boise, ID 83709",Boise,Ada,,true,,1,daily,docs/ada_county_gun_stores_comprehensive.csv,2025-08-18T23:40:42.155Z
4063018f,"Primary Weapons Systems","Gun Manufacturer",retail,208-344-5217,"255 N Steelhead Way, Boise, ID 83704",Boise,Ada,,true,,2,weekly,docs/ada_county_gun_stores_comprehensive.csv,2025-08-18T23:40:42.155Z
3f0cd9f4,"Double Tapp LLC","Gun Store, Private Range, FFL Dealer",ranges,208-559-3337,"10512 W Treeline St, Boise, ID 83704",Boise,Ada,doubletappboise.com,true,,1,daily,docs/ada_county_gun_stores_comprehensive.csv,2025-08-18T23:40:42.155Z
ca07002e,"Stockpile Defense LLC","Gun Store, Gunsmith, FFL Dealer",retail,208-322-4867,"10178 W Fairview Ave, Boise, ID 83704",Boise,Ada,,true,,1,daily,docs/ada_county_gun_stores_comprehensive.csv,2025-08-18T23:40:42.156Z
0a5b7261,"Highland Munitions LLC","Gun Store, FFL Dealer",retail,N/A,"7676 S Mistyglen Ave, Boise, ID 83709",Boise,Ada,,true,,1,daily,docs/ada_county_gun_stores_comprehensive.csv,2025-08-18T23:40:42.156Z
a7f24d9b,"Cabela's Boise","Gun Store, Sporting Goods",retail,208-672-7900,"8109 W Franklin Rd, Boise, ID 83709",Boise,Ada,stores.cabelas.com,true,,1,daily,docs/ada_county_gun_stores_comprehensive.csv,2025-08-18T23:40:42.156Z
23449312,"Sportsman's Warehouse #103","Gun Store, Sporting Goods",retail,208-672-7900,"8109 W Franklin Rd, Boise, ID 83709",Boise,Ada,sportsmans.com,true,,1,daily,docs/ada_county_gun_stores_comprehensive.csv,2025-08-18T23:40:42.156Z
e1eaab44,"Big 5 Sporting Goods #279","Gun Store, Sporting Goods",retail,310-536-0611,"101 N Milwaukee St, Boise, ID 83704",Boise,Ada,big5sportinggoods.com,true,,1,daily,docs/ada_county_gun_stores_comprehensive.csv,2025-08-18T23:40:42.156Z
f3270cef,"Big 5 Sporting Goods #391","Gun Store, Sporting Goods",retail,310-536-0611,"6762 N Glenwood St, Boise, ID 83714",Boise,Ada,big5sportinggoods.com,true,,1,daily,docs/ada_county_gun_stores_comprehensive.csv,2025-08-18T23:40:42.156Z
ef4f3926,"Pawn 1 Inc","Pawn Shop, Firearms",retail,509-487-8888,"11405 W Fairview, Boise, ID 83713",Boise,Ada,,true,,2,weekly,docs/ada_county_gun_stores_comprehensive.csv,2025-08-18T23:40:42.156Z
d69450e3,"Boise Pawn","Pawn Shop, Firearms",retail,833-264-7296,"6465 W Fairview Ave, Boise, ID 83704",Boise,Ada,,true,,2,weekly,docs/ada_county_gun_stores_comprehensive.csv,2025-08-18T23:40:42.156Z
bffe8290,"Robertson Firearm Services","Gunsmith, FFL Dealer",retail,208-859-0756,"5909 W Poplar Cir, Boise, ID 83704",Boise,Ada,,true,,1,daily,docs/ada_county_gun_stores_comprehensive.csv,2025-08-18T23:40:42.157Z
e5577592,"Defense Materials Company LLC","Gunsmith, FFL Dealer",retail,208-546-9463,"4910 W Denton St, Boise, ID 83704",Boise,Ada,,true,,1,daily,docs/ada_county_gun_stores_comprehensive.csv,2025-08-18T23:40:42.157Z
7f94df03,"Barton's Custom Shop","Gunsmith",services,208-939-4478,"10300 Janie Pl Bldg B, Boise, ID 83714",Boise,Ada,,true,,1,daily,docs/ada_county_gun_stores_comprehensive.csv,2025-08-18T23:40:42.157Z
cd5794f4,"Bear Creek Firearms","Gun Store, FFL Dealer",retail,208-871-8435,"9684 W Shelborne Dr, Boise, ID 83709",Boise,Ada,,true,,1,daily,docs/ada_county_gun_stores_comprehensive.csv,2025-08-18T23:40:42.157Z
65d9aded,"Old Arms of Idaho","Gun Store, Gunsmith, FFL Dealer",retail,208-602-6027,"6128 Fairview Ave, Boise, ID 83704",Boise,Ada,oldarmsofidaho.com,true,,1,daily,docs/ada_county_gun_stores_comprehensive.csv,2025-08-18T23:40:42.157Z
0696afd4,"ATS Sales","Gun Store, FFL Dealer",retail,208-286-2013,"3374 S Ashbury Pl, Boise, ID 83706",Boise,Ada,,true,,1,daily,docs/ada_county_gun_stores_comprehensive.csv,2025-08-18T23:40:42.157Z
dc441e27,"Arctic Summit Gunsmithing","Gunsmith",services,702-353-3928,"4323 S Chariot Way, Boise, ID 83709",Boise,Ada,,true,,1,daily,docs/ada_county_gun_stores_comprehensive.csv,2025-08-18T23:40:42.157Z
5c7c524b,"2A Armament","Gun Store, FFL Dealer",retail,208-461-1213,"7545 S Eisenman Rd, Boise, ID 83716",Boise,Ada,,true,,1,daily,docs/ada_county_gun_stores_comprehensive.csv,2025-08-18T23:40:42.157Z
64058b36,"6B Enterprises","Gun Store, FFL Dealer",retail,208-515-4848,"15 Janet Dr, Boise, ID 83716",Boise,Ada,,true,,1,daily,docs/ada_county_gun_stores_comprehensive.csv,2025-08-18T23:40:42.157Z
9c170821,"Blac-Rac Manufacturing","Gun Manufacturer",retail,208-855-9388,"274 N Maple Grove Rd #104, Boise, ID 83704",Boise,Ada,,true,,2,weekly,docs/ada_county_gun_stores_comprehensive.csv,2025-08-18T23:40:42.157Z
966cdb17,"Brown Dogg LLC","Gun Store, FFL Dealer",retail,N/A,"11319 W Hollandale Dr, Boise, ID 83709",Boise,Ada,,true,,1,daily,docs/ada_county_gun_stores_comprehensive.csv,2025-08-18T23:40:42.157Z
cebeedba,"Shop Black Rifle","Gun Store, Online Retailer",retail,208-450-3044,"Boise Area",Boise,Ada,shopblackrifle.com,true,,1,daily,docs/ada_county_gun_stores_comprehensive.csv,2025-08-18T23:40:42.157Z
342b38d1,"Independence Indoor Shooting","Gun Store, Indoor Range, Gunsmith, Training",ranges,208-576-4867,"2749 E Gala St, Meridian, ID 83642",Meridian,Ada,iishooting.com,true,,1,daily,docs/ada_county_gun_stores_comprehensive.csv,2025-08-18T23:40:42.157Z
735ebf52,"Sportsman's Warehouse #104","Gun Store, Sporting Goods",retail,208-884-3000,"3797 E Fairview Ave, Meridian, ID 83642",Meridian,Ada,sportsmans.com,true,,1,daily,docs/ada_county_gun_stores_comprehensive.csv,2025-08-18T23:40:42.157Z
090d005e,"HawkTech Arms","Gun Store, Gunsmith, FFL Dealer",retail,208-898-5848,"3131 E Lanark St, Meridian, ID 83642",Meridian,Ada,hawktecharms.com,true,,1,daily,docs/ada_county_gun_stores_comprehensive.csv,2025-08-18T23:40:42.157Z
4a9c54c9,"Idaho Arms & Ammo","Gun Store, Gunsmith, FFL Dealer",retail,208-809-0939,"519 E Fairview Ave #300, Meridian, ID 83642",Meridian,Ada,idahoarmsammo.com,true,,1,daily,docs/ada_county_gun_stores_comprehensive.csv,2025-08-18T23:40:42.157Z
ddbd6b12,"3S Gun Sales","Gun Store, FFL Dealer",retail,N/A,"5131 N Fox Run Way, Meridian, ID 83646",Meridian,Ada,,true,,1,daily,docs/ada_county_gun_stores_comprehensive.csv,2025-08-18T23:40:42.157Z
a86d639b,"66 Productions LLC","Gun Manufacturer",retail,N/A,"5034 N Baylor Lane, Meridian, ID 83646",Meridian,Ada,,true,,2,weekly,docs/ada_county_gun_stores_comprehensive.csv,2025-08-18T23:40:42.157Z
7c608f7e,"Lost Coast Tactical","Gun Manufacturer",retail,N/A,"1945 W Hendricks Ct, Meridian, ID 83646",Meridian,Ada,,true,,2,weekly,docs/ada_county_gun_stores_comprehensive.csv,2025-08-18T23:40:42.157Z
5fc90a95,"American Upland/AUI","Gun Importer",retail,N/A,"2837 NW 11th Ave, Meridian, ID 83646",Meridian,Ada,,true,,2,weekly,docs/ada_county_gun_stores_comprehensive.csv,2025-08-18T23:40:42.157Z
de97ba2f,"Rays Guns & Ammo","Gun Store, FFL Dealer",retail,N/A,"1969 W Red Feather Way, Meridian, ID 83646",Meridian,Ada,,true,,1,daily,docs/ada_county_gun_stores_comprehensive.csv,2025-08-18T23:40:42.157Z
be9f1a1b,"Koda Defense & Arms","Gun Store, FFL Dealer",retail,N/A,"1033 W Fairwood Ct, Meridian, ID 83646",Meridian,Ada,,true,,1,daily,docs/ada_county_gun_stores_comprehensive.csv,2025-08-18T23:40:42.157Z
88f53e37,"Idaho Pawn & Gold, Sam's Locker","Pawn Shop, Firearms",retail,N/A,"451 N Main St, Meridian, ID 83642",Meridian,Ada,,true,,2,weekly,docs/ada_county_gun_stores_comprehensive.csv,2025-08-18T23:40:42.157Z
9c7c9348,"Burns Custom Pistols","Gun Store, Gunsmith, FFL Dealer",retail,N/A,"5377 South Ten Mile Road, Meridian, ID 83642",Meridian,Ada,,true,,1,daily,docs/ada_county_gun_stores_comprehensive.csv,2025-08-18T23:40:42.157Z
3d146ea2,"Carter, Jon","Gun Store, FFL Dealer",retail,N/A,"1065 W River Heights Dr, Meridian, ID 83646",Meridian,Ada,,true,,1,daily,docs/ada_county_gun_stores_comprehensive.csv,2025-08-18T23:40:42.157Z
ba876446,"Scheels All Sports Inc","Gun Store, Sporting Goods",retail,N/A,"700 S Wayfinder Ave, Meridian, ID 83642",Meridian,Ada,scheels.com,true,,1,daily,docs/ada_county_gun_stores_comprehensive.csv,2025-08-18T23:40:42.157Z
efcb3fff,"Sierra Tactical & Gunsmithing","Gun Store, Gunsmith, FFL Dealer",retail,N/A,"2624 E Lawton Drive, Meridian, ID 83642",Meridian,Ada,,true,,1,daily,docs/ada_county_gun_stores_comprehensive.csv,2025-08-18T23:40:42.157Z
67b3bf5f,"Silverline Films LLC","Gun Store, FFL Dealer",retail,N/A,"3978 W Aspen Creek Ct, Meridian, ID 83642",Meridian,Ada,,true,,1,daily,docs/ada_county_gun_stores_comprehensive.csv,2025-08-18T23:40:42.157Z
1622a5fe,"Gemtech","Gun Manufacturer, Suppressor Specialist",retail,208-939-7222,"3750 E Pewter Falls St #100, Meridian, ID 83642",Meridian,Ada,,true,,2,weekly,docs/ada_county_gun_stores_comprehensive.csv,2025-08-18T23:40:42.157Z
7d8566cc,"Benny's Pawn Inc","Pawn Shop, Firearms",retail,208-846-9027,"Meridian, ID",Meridian,Ada,,true,,2,weekly,docs/ada_county_gun_stores_comprehensive.csv,2025-08-18T23:40:42.157Z
f28e89b1,"Crossfire Elite LLC","Gun Store, FFL Dealer",retail,208-461-8888,"Meridian, ID",Meridian,Ada,,true,,1,daily,docs/ada_county_gun_stores_comprehensive.csv,2025-08-18T23:40:42.157Z
ce3ec34a,"Venom Tactical LLC","Gunsmith",services,N/A,"1728 E Deerhill Dr, Meridian, ID 83642",Meridian,Ada,,true,,1,daily,docs/ada_county_gun_stores_comprehensive.csv,2025-08-18T23:40:42.157Z
44183124,"Activity Investments LLC","Gun Manufacturer",retail,N/A,"10183 West Wyatt Earp Drive, Star, ID 83669",Star,Ada,,true,,3,monthly,docs/ada_county_gun_stores_comprehensive.csv,2025-08-18T23:40:42.157Z
86b36e52,"Bi-Mart #689","Gun Store, Sporting Goods",retail,N/A,"11347 W State St, Star, ID 83669",Star,Ada,,true,,2,weekly,docs/ada_county_gun_stores_comprehensive.csv,2025-08-18T23:40:42.157Z
d71c2f85,"Black Label Precision","Gun Manufacturer",retail,N/A,"10451 W Daylily Ct, Star, ID 83669",Star,Ada,,true,,3,monthly,docs/ada_county_gun_stores_comprehensive.csv,2025-08-18T23:40:42.157Z
95cd11d6,"Jon's Guns","Gun Store, FFL Dealer",retail,N/A,"936 N Glen Aspen Way, Star, ID 83669",Star,Ada,,true,,2,weekly,docs/ada_county_gun_stores_comprehensive.csv,2025-08-18T23:40:42.157Z
b4bfbbda,"Eagle Gun Company","Gun Store, FFL Dealer",retail,N/A,"10539 W Thimbleberry Dr, Star, ID 83669",Star,Ada,,true,,2,weekly,docs/ada_county_gun_stores_comprehensive.csv,2025-08-18T23:40:42.158Z
92c07278,"Lord Rockwell LLC","Gun Manufacturer",retail,N/A,"1672 N Watershed Ave, Star, ID 83669",Star,Ada,,true,,3,monthly,docs/ada_county_gun_stores_comprehensive.csv,2025-08-18T23:40:42.158Z
29dd2bf5,"MRM LLC","Gun Importer",retail,N/A,"12525 Aliso Creek St, Star, ID 83669",Star,Ada,,true,,3,monthly,docs/ada_county_gun_stores_comprehensive.csv,2025-08-18T23:40:42.158Z
d660f877,"Patriot Pawn & Gun LLC","Pawn Shop, Firearms, FFL Dealer",retail,208-286-7300,"1977 N Willow Glen Place, Star, ID 83669",Star,Ada,patriotpawnandgun.com,true,,2,weekly,docs/ada_county_gun_stores_comprehensive.csv,2025-08-18T23:40:42.158Z
2b45fab2,"Ridley's Family Markets","Gun Store, Grocery Store",retail,N/A,"145 So Plummer Way, Star, ID 83669",Star,Ada,,true,,2,weekly,docs/ada_county_gun_stores_comprehensive.csv,2025-08-18T23:40:42.158Z
7a669933,"Solar Tactical","Gun Manufacturer",retail,N/A,"7396 Highway 44, Star, ID 83669",Star,Ada,,true,,3,monthly,docs/ada_county_gun_stores_comprehensive.csv,2025-08-18T23:40:42.158Z
b5787b96,"Youngs Firearms","Gun Store, FFL Dealer",retail,N/A,"324 S Winslow Bay Way, Star, ID 83669",Star,Ada,,true,,2,weekly,docs/ada_county_gun_stores_comprehensive.csv,2025-08-18T23:40:42.158Z
174397e2,"208 Precision","Gunsmith, FFL Dealer",retail,208-571-2243,"9019 N Broadwood Ln, Eagle, ID 83616",Eagle,Ada,,true,,2,weekly,docs/ada_county_gun_stores_comprehensive.csv,2025-08-18T23:40:42.158Z
3af62c18,"Tiger Defense","Gun Store, FFL Dealer",retail,N/A,"36 Echohawk Ln, Suite 102, Eagle, ID 83616",Eagle,Ada,tigerdefenseinc.com,true,,2,weekly,docs/ada_county_gun_stores_comprehensive.csv,2025-08-18T23:40:42.158Z
28aaf37a,"Orion Armament","Gun Store, Gunsmith, FFL Dealer",retail,208-369-9671,"247 N Kay Ave, Kuna, ID 83634",Kuna,Ada,,true,,2,weekly,docs/ada_county_gun_stores_comprehensive.csv,2025-08-18T23:40:42.158Z
f0b587e4,"208 Gun Shop","Gun Store, Online Retailer",retail,N/A,"Idaho Operations",Idaho,Ada,208gunshop.com,true,,2,weekly,docs/ada_county_gun_stores_comprehensive.csv,2025-08-18T23:40:42.158Z
0a13eeb0,"Armageddon Armory","Gun Store, Gunsmith, FFL Dealer, Training",training,208-465-3577,"2809 Garrity Blvd, Nampa, ID 83687",Nampa,Canyon,armageddonarmory.com,true,,1,daily,docs/canyon_county_gun_stores_only.csv,2025-08-18T23:40:42.158Z
a80f03b8,"Alpha Omega Services LLC","Gun Store, FFL Dealer",retail,208-465-3577,"2809 Garrity Blvd, Nampa, ID 83687",Nampa,Canyon,,true,,1,daily,docs/canyon_county_gun_stores_only.csv,2025-08-18T23:40:42.158Z
1e1a5de6,"Elite Rifle Works LLP","Gun Store, Gunsmith, FFL Dealer",retail,208-465-8039,"6045 Deer Flat Road, Nampa, ID 83686",Nampa,Canyon,eliterifleworks.com,true,,1,daily,docs/canyon_county_gun_stores_only.csv,2025-08-18T23:40:42.158Z
c54a3850,"Larry's Sporting Goods","Gun Store, Sporting Goods, FFL Dealer",retail,208-467-9201,"704 2nd St S, Nampa, ID 83651",Nampa,Canyon,larryssg.com,true,,1,daily,docs/canyon_county_gun_stores_only.csv,2025-08-18T23:40:42.158Z
8c408faa,"Nemo Arms","Gun Manufacturer, FFL Dealer",retail,208-442-4308,"1906 Smeed Pkwy, Caldwell, ID 83605",Nampa,Canyon,,true,,1,daily,docs/canyon_county_gun_stores_only.csv,2025-08-18T23:40:42.158Z
e4208d47,"Nemo Arms Inc","Gun Manufacturer, FFL Dealer",retail,208-467-6366,"1906 Smeed Pkwy, Caldwell, ID 83605",Nampa,Canyon,,true,,1,daily,docs/canyon_county_gun_stores_only.csv,2025-08-18T23:40:42.158Z
70d0a0af,"RK Gunsmithing","Gunsmith, Gun Store, FFL Dealer",retail,208-467-3075,"201 N Kings Rd Ste 101, Nampa, ID 83687",Nampa,Canyon,,true,,1,daily,docs/canyon_county_gun_stores_only.csv,2025-08-18T23:40:42.158Z
b903f802,"Tiffany Guns Zebra 12","Gun Store, FFL Dealer",retail,208-461-6911,"Nampa, ID",Nampa,Canyon,,true,,1,daily,docs/canyon_county_gun_stores_only.csv,2025-08-18T23:40:42.158Z
6f68212b,"Sportsman's Warehouse #224","Gun Store, Sporting Goods",retail,208-468-7600,"16865 N Market Place Blvd, Nampa, ID 83687",Nampa,Canyon,sportsmans.com,true,,1,daily,docs/canyon_county_gun_stores_only.csv,2025-08-18T23:40:42.158Z
5b383386,"D&B Supply","Gun Store, Sporting Goods, FFL Dealer",retail,N/A,"3200 12th Ave Rd, Nampa, ID 83686",Nampa,Canyon,dbsupply.com,true,,1,daily,docs/canyon_county_gun_stores_only.csv,2025-08-18T23:40:42.158Z
9ee0ad1b,"Big 5 Sporting Goods #308","Gun Store, Sporting Goods",retail,310-536-0611,"1601 Caldwell Blvd, Nampa, ID 83651",Nampa,Canyon,big5sportinggoods.com,true,,1,daily,docs/canyon_county_gun_stores_only.csv,2025-08-18T23:40:42.158Z
9d582c62,"Faith Outdoors LLC","Gun Store, FFL Dealer",retail,N/A,"2200 Cortland Pl, Nampa, ID 83687",Nampa,Canyon,,true,,1,daily,docs/canyon_county_gun_stores_only.csv,2025-08-18T23:40:42.158Z
cc2c0b06,"Idaho Gun & Outdoors","Gun Store, FFL Dealer",retail,N/A,"16188 N Merchant Way, Nampa, ID 83687",Nampa,Canyon,,true,,1,daily,docs/canyon_county_gun_stores_only.csv,2025-08-18T23:40:42.158Z
3c636707,"Accura Outdoors","Gun Store, Manufacturer",retail,N/A,"2316 E Railroad St, Nampa, ID 83687",Nampa,Canyon,,true,,1,daily,docs/canyon_county_gun_stores_only.csv,2025-08-18T23:40:42.158Z
41c29eb0,"Vista Pawn Nampa","Pawn Shop, Firearms",retail,N/A,"130 Caldwell Blvd, Nampa, ID 83651",Nampa,Canyon,,true,,2,weekly,docs/canyon_county_gun_stores_only.csv,2025-08-18T23:40:42.158Z
ed44414b,"Snake River Rifleworks","Gun Store, Gunsmith, FFL Dealer",retail,N/A,"13930 S Piano Ave, Nampa, ID 83651",Nampa,Canyon,,true,,1,daily,docs/canyon_county_gun_stores_only.csv,2025-08-18T23:40:42.158Z
c44ca422,"Lucky Shot Ammunition & Guns LLC","Gun Store, Ammunition, FFL Dealer",retail,N/A,"801 W Peirsol St, Nampa, ID 83686",Nampa,Canyon,,true,,1,daily,docs/canyon_county_gun_stores_only.csv,2025-08-18T23:40:42.158Z
1ba70a12,"Northwest Gun Supply","Gun Store, Manufacturer, AK Specialist",retail,208-505-0130,"12338 Ranchview Dr, Nampa, ID 83686",Nampa,Canyon,northwestgunsupply.com,true,,1,daily,docs/canyon_county_gun_stores_only.csv,2025-08-18T23:40:42.158Z
ce7fac1e,"Blazzard Firearms","Gun Store, FFL Dealer",retail,208-789-6430,"1208 E Pennsylvania Pl, Nampa, ID 83686",Nampa,Canyon,,true,,1,daily,docs/canyon_county_gun_stores_only.csv,2025-08-18T23:40:42.158Z
0f648720,"Canyon County Precisions LLC","Gun Store, FFL Dealer",retail,208-697-6167,"647 Teton Dr, Nampa, ID 83686",Nampa,Canyon,,true,,1,daily,docs/canyon_county_gun_stores_only.csv,2025-08-18T23:40:42.158Z
06e849c7,"R2ARM","Gun Store, FFL Dealer",retail,N/A,"16760 Idaho Center Blvd, Nampa, ID 83687",Nampa,Canyon,,true,,1,daily,docs/canyon_county_gun_stores_only.csv,2025-08-18T23:40:42.158Z
1c268a9b,"Caracal USA","Gun Manufacturer",retail,N/A,"8600 Birch Lane Suite 100, Nampa, ID 83687",Nampa,Canyon,,true,,2,weekly,docs/canyon_county_gun_stores_only.csv,2025-08-18T23:40:42.158Z
c12bd6df,"Ken's Pawn & Jewelry","Pawn Shop, Firearms",retail,N/A,"608 12th Ave S, Nampa, ID 83651",Nampa,Canyon,kenspawn.com,true,,2,weekly,docs/canyon_county_gun_stores_only.csv,2025-08-18T23:40:42.158Z
8b4c4927,"Reflex Tactical Idaho","Gun Store",retail,N/A,"824 12th Ave S, Nampa, ID 83651",Nampa,Canyon,reflextacticalidaho.com,true,,1,daily,docs/canyon_county_gun_stores_only.csv,2025-08-18T23:40:42.159Z
6932cc65,"208 Gun Shop","Gun Store",retail,N/A,"Nampa, ID",Nampa,Canyon,208gunshop.com,true,,1,daily,docs/canyon_county_gun_stores_only.csv,2025-08-18T23:40:42.159Z
7f5919d3,"Idaho Air Gun","Air Gun Store, Specialty Firearms",retail,N/A,"Nampa, ID",Nampa,Canyon,idahoairgun.com,true,,2,weekly,docs/canyon_county_gun_stores_only.csv,2025-08-18T23:40:42.159Z
0f4e0dca,"BGW LLC","Gunsmith, FFL Dealer",retail,951-445-9819,"2228 Cortland Place, Nampa, ID 83687",Nampa,Canyon,,true,,1,daily,docs/canyon_county_gun_stores_only.csv,2025-08-18T23:40:42.159Z
bc0a682c,"ATI-Adaptive Technologies Inc","Gun Manufacturer",retail,N/A,"1910 E Karcher Rd, Nampa, ID 83687",Nampa,Canyon,,true,,2,weekly,docs/canyon_county_gun_stores_only.csv,2025-08-18T23:40:42.159Z
4cd86a24,"Ashment Custom Coatings LLC","Gun Manufacturer, Custom Services",retail,N/A,"614 N 39th St, Nampa, ID 83686",Nampa,Canyon,,true,,2,weekly,docs/canyon_county_gun_stores_only.csv,2025-08-18T23:40:42.159Z
7e4534fc,"Altanova Manufacturing Inc","Gun Manufacturer",retail,N/A,"530 N Broadmore Way, Nampa, ID 83687",Nampa,Canyon,,true,,2,weekly,docs/canyon_county_gun_stores_only.csv,2025-08-18T23:40:42.159Z
d5da4271,"AmmoSquared Inc","Gun Store, Ammunition, Importer",retail,N/A,"3630 E Comstock Ave, Nampa, ID 83687",Nampa,Canyon,,true,,1,daily,docs/canyon_county_gun_stores_only.csv,2025-08-18T23:40:42.159Z
8aefb03d,"Stinger-Defense","Gun Manufacturer",retail,N/A,"1320 Smith Ave, Nampa, ID 83651",Nampa,Canyon,,true,,2,weekly,docs/canyon_county_gun_stores_only.csv,2025-08-18T23:40:42.159Z
4f1bc467,"Averett, Brian C (Old Farts Gun Shop)","Gun Store, FFL Dealer",retail,208-467-7788,"408 1/2 E Carol St, Nampa, ID 83687",Nampa,Canyon,,true,,1,daily,docs/canyon_county_gun_stores_only.csv,2025-08-18T23:40:42.159Z
70cb93a1,"208 Laser Engraving","Gun Services, Custom Engraving",retail,N/A,"77 S Inverness Dr, Nampa, ID 83651",Nampa,Canyon,,true,,2,weekly,docs/canyon_county_gun_stores_only.csv,2025-08-18T23:40:42.159Z
e874255e,"Owyhee Shooters Supply","Gun Store, FFL Dealer",retail,N/A,"3822 Preston Ave, Caldwell, ID 83605",Caldwell,Canyon,,true,,1,daily,docs/canyon_county_gun_stores_only.csv,2025-08-18T23:40:42.159Z
ae0c70fb,"Al's Pawn & Gun Inc","Pawn Shop, Gun Store, FFL Dealer",retail,208-454-8038,"5602 Cleveland Blvd, Caldwell, ID 83607",Caldwell,Canyon,,true,,1,daily,docs/canyon_county_gun_stores_only.csv,2025-08-18T23:40:42.159Z
6445421a,"D&B Supply Muller","Gun Store, Sporting Goods, FFL Dealer",retail,N/A,"3913 Muller Drive, Caldwell, ID 83605",Caldwell,Canyon,dbsupply.com,true,,1,daily,docs/canyon_county_gun_stores_only.csv,2025-08-18T23:40:42.159Z
bca4cde4,"D&B Supply Smeed","Gun Store, Sporting Goods, FFL Dealer",retail,N/A,"620 Smeed Parkway, Caldwell, ID 83605",Caldwell,Canyon,dbsupply.com,true,,1,daily,docs/canyon_county_gun_stores_only.csv,2025-08-18T23:40:42.159Z
3fe4b17f,"Bi-Mart #614","Gun Store, Sporting Goods",retail,N/A,"425 N 10th Ave, Caldwell, ID 83605",Caldwell,Canyon,,true,,1,daily,docs/canyon_county_gun_stores_only.csv,2025-08-18T23:40:42.159Z
9a723029,"Dundas Works LLC","Gun Store, Gunsmith, FFL Dealer",retail,N/A,"5305 Black Canyon Rd, Caldwell, ID 83607",Caldwell,Canyon,,true,,1,daily,docs/canyon_county_gun_stores_only.csv,2025-08-18T23:40:42.159Z
5b286f72,"Wild Bills Sporting LLC","Gun Store, FFL Dealer",retail,N/A,"2020 Blaine Street, Caldwell, ID 83605",Caldwell,Canyon,,true,,1,daily,docs/canyon_county_gun_stores_only.csv,2025-08-18T23:40:42.159Z
8ccc6b5d,"Treasure Valley Pawn LLC","Pawn Shop, Firearms",retail,N/A,"6513 Cleveland Blvd Ste 101, Caldwell, ID 83607",Caldwell,Canyon,,true,,2,weekly,docs/canyon_county_gun_stores_only.csv,2025-08-18T23:40:42.159Z
69fd55b3,"Pawn 1 Incorporated","Pawn Shop, Firearms",retail,N/A,"5724 Cleveland Blvd, Caldwell, ID 83605",Caldwell,Canyon,,true,,2,weekly,docs/canyon_county_gun_stores_only.csv,2025-08-18T23:40:42.159Z
780b0068,"Walmart #2780","Gun Store, Sporting Goods",retail,N/A,"5108 East Cleveland Blvd, Caldwell, ID 83605",Caldwell,Canyon,walmart.com,true,,1,daily,docs/canyon_county_gun_stores_only.csv,2025-08-18T23:40:42.159Z
81bac359,"Agency Arms LLC","Gun Manufacturer, Importer",retail,N/A,"4006 E Linden St, Caldwell, ID 83605",Caldwell,Canyon,,true,,2,weekly,docs/canyon_county_gun_stores_only.csv,2025-08-18T23:40:42.159Z
89ac1d89,"43rd State Armory LLC","Gun Manufacturer",retail,N/A,"21361 Shady River Ln, Caldwell, ID 83607",Caldwell,Canyon,,true,,2,weekly,docs/canyon_county_gun_stores_only.csv,2025-08-18T23:40:42.159Z
43b3f310,"Big Sky Industries LLC","Gun Store, FFL Dealer",retail,N/A,"12871 Quail Run Ln, Caldwell, ID 83607",Caldwell,Canyon,,true,,1,daily,docs/canyon_county_gun_stores_only.csv,2025-08-18T23:40:42.159Z
ea19829f,"Charters Mtn Gun Shop","Gun Store, FFL Dealer",retail,208-901-4972,"19300 Marsing Rd, Caldwell, ID 83607",Caldwell,Canyon,,true,,1,daily,docs/canyon_county_gun_stores_only.csv,2025-08-18T23:40:42.159Z
e993bd44,"North West Precision Rifles","Gun Store, Gunsmith, FFL Dealer",retail,N/A,"2215 Wyoming Ave, Caldwell, ID 83605",Caldwell,Canyon,,true,,1,daily,docs/canyon_county_gun_stores_only.csv,2025-08-18T23:40:42.159Z
839c9426,"Heida Firearms","Gun Manufacturer",retail,N/A,"17281 Ustick Rd, Caldwell, ID 83607",Caldwell,Canyon,,true,,2,weekly,docs/canyon_county_gun_stores_only.csv,2025-08-18T23:40:42.159Z
a8453833,"Kinch Arms","Gun Store, FFL Dealer",retail,N/A,"20875 Blossom Heights Lane, Caldwell, ID 83607",Caldwell,Canyon,,true,,1,daily,docs/canyon_county_gun_stores_only.csv,2025-08-18T23:40:42.159Z
7e7a472b,"Mudu Sports","Gun Store, FFL Dealer",retail,N/A,"2715 Aspen Falls Ave, Caldwell, ID 83605",Caldwell,Canyon,,true,,1,daily,docs/canyon_county_gun_stores_only.csv,2025-08-18T23:40:42.159Z
f6915f30,"Sawtooth Munitions","Gun Manufacturer",retail,N/A,"14130 Black Hawk Lane, Caldwell, ID 83607",Caldwell,Canyon,,true,,2,weekly,docs/canyon_county_gun_stores_only.csv,2025-08-18T23:40:42.159Z
4ee5fe7b,"Royal Rifles","Gun Manufacturer",retail,N/A,"10430 Randal Lane, Caldwell, ID 83607",Caldwell,Canyon,,true,,2,weekly,docs/canyon_county_gun_stores_only.csv,2025-08-18T23:40:42.159Z
dfa04afc,"RM Firearms","Gun Store, FFL Dealer",retail,N/A,"7555 Pleasant View Dr, Caldwell, ID 83607",Caldwell,Canyon,,true,,1,daily,docs/canyon_county_gun_stores_only.csv,2025-08-18T23:40:42.159Z
cca1d2ab,"Terminator","Gun Manufacturer",retail,N/A,"15076 Plum Rd, Caldwell, ID 83607",Caldwell,Canyon,,true,,2,weekly,docs/canyon_county_gun_stores_only.csv,2025-08-18T23:40:42.159Z
94adee66,"Gibraltar Arms / Purple Sage International","Gun Store, FFL Dealer",retail,N/A,"13557 Signorello St, Caldwell, ID 83607",Caldwell,Canyon,,true,,1,daily,docs/canyon_county_gun_stores_only.csv,2025-08-18T23:40:42.159Z
498fda7c,"Stiglitz Firearms LLC","Gun Manufacturer",retail,N/A,"5109 Danville St, Caldwell, ID 83605",Caldwell,Canyon,,true,,2,weekly,docs/canyon_county_gun_stores_only.csv,2025-08-18T23:40:42.159Z
44079554,"Tiffany Enterprise","Gun Manufacturer",retail,N/A,"4100 Dearborn Street, Caldwell, ID 83605",Caldwell,Canyon,,true,,2,weekly,docs/canyon_county_gun_stores_only.csv,2025-08-18T23:40:42.159Z
172ad18a,"Yankton Brothers LLC","Gun Manufacturer",retail,N/A,"14010 Goodson Rd, Caldwell, ID 83607",Caldwell,Canyon,,true,,2,weekly,docs/canyon_county_gun_stores_only.csv,2025-08-18T23:40:42.159Z
36edd760,"Federated Ordnance LLC","Gun Manufacturer, Destructive Device Manufacturer",retail,N/A,"1906 S Smeed Pkwy Suite 102, Caldwell, ID 83605",Caldwell,Canyon,,true,,2,weekly,docs/canyon_county_gun_stores_only.csv,2025-08-18T23:40:42.159Z
8d5b25d4,"Midstar Firearms LLC","Gun Store, Gunsmith, FFL Dealer",retail,208-585-9922,"8390 Highway 44, Middleton, ID 83644",Middleton,Canyon,midstar-firearms.com,true,,2,weekly,docs/canyon_county_gun_stores_only.csv,2025-08-18T23:40:42.159Z
ccf6332b,"52 Tactical LLC","Gun Store, FFL Dealer",retail,N/A,"8192 Fountain Brook St, Middleton, ID 83644",Middleton,Canyon,,true,,2,weekly,docs/canyon_county_gun_stores_only.csv,2025-08-18T23:40:42.159Z
15b55c63,"H M Praetorian LLC","Gun Store, FFL Dealer",retail,N/A,"7868 Open Sky Rd, Middleton, ID 83644",Middleton,Canyon,,true,,2,weekly,docs/canyon_county_gun_stores_only.csv,2025-08-18T23:40:42.159Z
36bd2e09,"Longbow Tactical LLC","Gun Store, FFL Dealer",retail,N/A,"111 Pilgrim Way, Middleton, ID 83644",Middleton,Canyon,,true,,2,weekly,docs/canyon_county_gun_stores_only.csv,2025-08-18T23:40:42.159Z
93e9a2f1,"Firearm Training Institute","Gun Manufacturer",retail,N/A,"22142 Duff Lane, Middleton, ID 83644",Middleton,Canyon,,true,,3,monthly,docs/canyon_county_gun_stores_only.csv,2025-08-18T23:40:42.159Z
93cdbe35,"Ridley's Family Markets","Gun Store, Grocery Store",retail,N/A,"430 East Main St, Middleton, ID 83644",Middleton,Canyon,,true,,2,weekly,docs/canyon_county_gun_stores_only.csv,2025-08-18T23:40:42.159Z
55ae0e22,"Wildcat Outfitters","Gun Store, FFL Dealer",retail,N/A,"8571 Quail Hollow Drive, Middleton, ID 83644",Middleton,Canyon,,true,,2,weekly,docs/canyon_county_gun_stores_only.csv,2025-08-18T23:40:42.159Z
a7cdc329,"SCS Arms","Gun Manufacturer",retail,N/A,"1551 Hearthstone Ave, Middleton, ID 83644",Middleton,Canyon,,true,,3,monthly,docs/canyon_county_gun_stores_only.csv,2025-08-18T23:40:42.159Z
d489476a,"Traditional Gunsmithing by CA Winkle LLC","Gunsmith, FFL Dealer",retail,N/A,"25250 Lansing Ln, Middleton, ID 83644",Middleton,Canyon,,true,,2,weekly,docs/canyon_county_gun_stores_only.csv,2025-08-18T23:40:42.159Z
6a0aacd5,"C W Enterprises Sports","Gun Manufacturer",retail,N/A,"22812 Lansing Lane, Middleton, ID 83644",Middleton,Canyon,,true,,3,monthly,docs/canyon_county_gun_stores_only.csv,2025-08-18T23:40:42.159Z
4eacbc37,"Vigilante Guns and Ammo","Gun Store, FFL Dealer",retail,208-495-9855,"Melba, ID",Melba,Canyon,,true,,2,weekly,docs/canyon_county_gun_stores_only.csv,2025-08-18T23:40:42.159Z
c485b453,"Black Canyon Precision","Gun Store, Gunsmith, FFL Dealer",retail,N/A,"780 Clifford Dr, Emmett, ID 83617",Emmett,Gem,,true,,2,weekly,docs/gem_county_gun_stores_only.csv,2025-08-18T23:40:42.160Z
a35e6de4,"Emmett Gun Store","Gun Store, Manufacturer, FFL Dealer",retail,208-870-2020,"2119 South Mill Rd, Emmett, ID 83617",Emmett,Gem,,true,,2,weekly,docs/gem_county_gun_stores_only.csv,2025-08-18T23:40:42.160Z
9dbcae04,"Hudson Arms","Gun Store, Gunsmith, FFL Dealer",retail,208-691-6452,"3560 Bishop Road, Emmett, ID 83617",Emmett,Gem,hudsonarms.net,true,,2,weekly,docs/gem_county_gun_stores_only.csv,2025-08-18T23:40:42.160Z
fbdc2054,"Kingfisher Sporting Goods & Pawn","Gun Store, Pawn, Sporting Goods",retail,208-365-9881,"143 West Main St, Emmett, ID 83617",Emmett,Gem,kingfishersportinggoods.com,true,,2,weekly,docs/gem_county_gun_stores_only.csv,2025-08-18T23:40:42.160Z
b86a139c,"D&B Supply Emmett","Gun Store, Sporting Goods, FFL Dealer",retail,208-963-7040,"111 ID-16, Emmett, ID 83617",Emmett,Gem,dbsupply.com,true,,2,weekly,docs/gem_county_gun_stores_only.csv,2025-08-18T23:40:42.160Z
c49b9a81,"Bi-Mart #681","Gun Store, Sporting Goods",retail,208-477-5270,"179 West Highway 52, Emmett, ID 83617",Emmett,Gem,,true,,2,weekly,docs/gem_county_gun_stores_only.csv,2025-08-18T23:40:42.160Z
e264ab79,"Rocky Mountain True Value","Gun Store, FFL Dealer",retail,N/A,"132 South Washington Ave, Emmett, ID 83617",Emmett,Gem,,true,,2,weekly,docs/gem_county_gun_stores_only.csv,2025-08-18T23:40:42.160Z
1fc99006,"Rocky Mountain Gun N Pawn","Gun Store, Pawn",retail,208-365-4044,"829 S Washington Ave, Emmett, ID 83617",Emmett,Gem,,true,,2,weekly,docs/gem_county_gun_stores_only.csv,2025-08-18T23:40:42.160Z
c2632b94,"Larry's Sports","Gun Store, Sporting Goods, FFL Dealer",retail,N/A,"2139 N Plaza Rd, Emmett, ID 83617",Emmett,Gem,,true,,2,weekly,docs/gem_county_gun_stores_only.csv,2025-08-18T23:40:42.160Z
e30a5d1a,"Little Trapper Inc","Gun Store, FFL Dealer",retail,208-996-3555,"11300 Pearl Road, Emmett, ID 83617",Emmett,Gem,littletrapper.com,true,,2,weekly,docs/gem_county_gun_stores_only.csv,2025-08-18T23:40:42.160Z
588b5907,"Burr International Inc","Gun Store, FFL Dealer",retail,N/A,"1455 Star Ln, Emmett, ID 83617",Emmett,Gem,,true,,2,weekly,docs/gem_county_gun_stores_only.csv,2025-08-18T23:40:42.160Z
34e1cdcc,"Low Mountain","Gun Store, FFL Dealer",retail,N/A,"1333 West Highway 52, Emmett, ID 83617",Emmett,Gem,,true,,2,weekly,docs/gem_county_gun_stores_only.csv,2025-08-18T23:40:42.160Z
2bdf36d2,"Rowley Enterprises","Gun Store, FFL Dealer",retail,N/A,"3108 Laurel Way, Emmett, ID 83617",Emmett,Gem,,true,,2,weekly,docs/gem_county_gun_stores_only.csv,2025-08-18T23:40:42.160Z
bbae2bda,"Wild Thang Farms","Gun Store, FFL Dealer",retail,N/A,"3150 Fuller Rd, Emmett, ID 83617",Emmett,Gem,,true,,2,weekly,docs/gem_county_gun_stores_only.csv,2025-08-18T23:40:42.160Z
d918a990,"Jerry Harshbarger Gunsmith","Gunsmith, Gun Store",retail,N/A,"2838 East Black Canyon Hwy, Emmett, ID 83617",Emmett,Gem,,true,,2,weekly,docs/gem_county_gun_stores_only.csv,2025-08-18T23:40:42.160Z
6d8b2187,"Alexander, Elden Lane Sr & Jr","Gunsmith, FFL Dealer",retail,N/A,"2121 Misty Lane, Emmett, ID 83617",Emmett,Gem,,true,,2,weekly,docs/gem_county_gun_stores_only.csv,2025-08-18T23:40:42.160Z
d1a983b0,"Gardner Arsenal LLC","Gun Manufacturer",retail,N/A,"3711 West Idaho Blvd, Emmett, ID 83617",Emmett,Gem,,true,,3,monthly,docs/gem_county_gun_stores_only.csv,2025-08-18T23:40:42.160Z
85aebf43,"Benfield Precision LLC","Gun Manufacturer",retail,N/A,"2120 Jubilee Ln, Emmett, ID 83617",Emmett,Gem,,true,,3,monthly,docs/gem_county_gun_stores_only.csv,2025-08-18T23:40:42.160Z
68f90472,"Up In Arms Armory","Gun Manufacturer",retail,N/A,"1997 West Idaho Blvd, Emmett, ID 83617",Emmett,Gem,,true,,3,monthly,docs/gem_county_gun_stores_only.csv,2025-08-18T23:40:42.160Z
c0a60f57,"Veriforce Tactical","Gun Manufacturer",retail,N/A,"3315 Kings Ln #1, Emmett, ID 83617",Emmett,Gem,,true,,3,monthly,docs/gem_county_gun_stores_only.csv,2025-08-18T23:40:42.160Z
33246a09,"Walker Winchesters","Gun Manufacturer",retail,N/A,"506 N Washington Ave, Emmett, ID 83617",Emmett,Gem,,true,,3,monthly,docs/gem_county_gun_stores_only.csv,2025-08-18T23:40:42.160Z
2925441e,"Little Trapper Idaho Inc","Gun Importer, FFL Dealer",retail,N/A,"11300 Pearl Road, Emmett, ID 83617",Emmett,Gem,,true,,2,weekly,docs/gem_county_gun_stores_only.csv,2025-08-18T23:40:42.160Z
314d42e4,"Ferguson and Sons Construction LLC","Gun Importer",retail,N/A,"5225 Butte Rd, Emmett, ID 83617",Emmett,Gem,,true,,3,monthly,docs/gem_county_gun_stores_only.csv,2025-08-18T23:40:42.160Z
be95edba,"Eubanks Gunsmithing","Gun Store, Gunsmith, FFL Dealer",retail,208-337-4212,"3686 River Rd, Homedale, ID 83628",Homedale,Owyhee,eubanksgunsmithing.com,true,,2,weekly,docs/owyhee_county_gun_stores_only.csv,2025-08-18T23:40:42.161Z
8dcebbb7,"Big Valley Gun and Pawn LLC","Gun Store, Pawn Shop, FFL Dealer",retail,N/A,"7 W Colorado Ave, Homedale, ID 83628",Homedale,Owyhee,,true,,2,weekly,docs/owyhee_county_gun_stores_only.csv,2025-08-18T23:40:42.161Z
dab1ecb4,"CLC Custom Guns & Gunsmithing","Gun Store, Gunsmith, FFL Dealer",retail,N/A,"5040 Sage Rd, Homedale, ID 83628",Homedale,Owyhee,,true,,2,weekly,docs/owyhee_county_gun_stores_only.csv,2025-08-18T23:40:42.161Z
2e1c6249,"Rod Fivecoat Auctions","Gun Store, FFL Dealer, Auction House",retail,N/A,"3523 US-95, Homedale, ID 83628",Homedale,Owyhee,,true,,2,weekly,docs/owyhee_county_gun_stores_only.csv,2025-08-18T23:40:42.161Z
3e335d9d,"McCray, John Calvin","Gun Store, FFL Dealer",retail,N/A,"124 West Idaho Ave, Homedale, ID 83628",Homedale,Owyhee,,true,,2,weekly,docs/owyhee_county_gun_stores_only.csv,2025-08-18T23:40:42.161Z
0fc5628e,"Schaffers Corner","Gun Store, FFL Dealer",retail,N/A,"16900 Roping Horse Lane, Murphy, ID 83650",Murphy,Owyhee,,true,,2,weekly,docs/owyhee_county_gun_stores_only.csv,2025-08-18T23:40:42.161Z
78311aaa,"Wilkinson Arms LLC","Gun Store, FFL Dealer",retail,N/A,"14754 Murphy Flat Road, Murphy, ID 83650",Murphy,Owyhee,,true,,2,weekly,docs/owyhee_county_gun_stores_only.csv,2025-08-18T23:40:42.161Z
33becedb,"Murphys Law Guns & Ammo LLC","Gun Store, FFL Dealer",retail,208-901-4169,"16950 Rimrock Ln, Murphy, ID 83650",Murphy,Owyhee,,true,,2,weekly,docs/owyhee_county_gun_stores_only.csv,2025-08-18T23:40:42.161Z
2bf32145,"Charters Mtn Gun Shop","Gun Store, FFL Dealer",retail,208-901-4972,"19300 Marsing Rd, Caldwell, ID 83607",Near Marsing,Owyhee,,true,,2,weekly,docs/owyhee_county_gun_stores_only.csv,2025-08-18T23:40:42.161Z
c2e4ea4c,"Desert West Arms","Gun Store, FFL Dealer",retail,N/A,"Owyhee County Area",Rural Owyhee,Owyhee,,true,,2,weekly,docs/owyhee_county_gun_stores_only.csv,2025-08-18T23:40:42.161Z
6c3ec200,"Idaho Sporting Clays & Hunting Club","Sporting Goods, Clay Shooting",retail,N/A,"Near Homedale",Homedale,Owyhee,,true,,3,monthly,docs/owyhee_county_gun_stores_only.csv,2025-08-18T23:40:42.161Z
98cb4a9d,"Semper Firearms","Gun Store, FFL Dealer",retail,208-891-9489,"1005 Center Ave, Payette, ID 83661",Payette,Payette,veriforcetactical.com/ffl-store-locator/semper-firearms-payette/,true,,2,weekly,docs/payette_county_gun_stores_only.csv,2025-08-18T23:40:42.161Z
2b8309ba,"The Outdoorsman","Gun Store, FFL Dealer",retail,541-889-3135,"739 S 12th St, Payette, ID 83661",Payette,Payette,,true,,2,weekly,docs/payette_county_gun_stores_only.csv,2025-08-18T23:40:42.161Z
50117c4d,"Watchdog Armory, LLC","Gun Store, Gunsmith, Manufacturer",retail,208-741-4040,"10201 Payette Heights Rd, Payette, ID 83661",Payette,Payette,watchdogarmory.net,true,,2,weekly,docs/payette_county_gun_stores_only.csv,2025-08-18T23:40:42.161Z
4e0cd45c,"Idaho Custom Arms","Gun Store, Gunsmith, FFL Dealer",retail,208-861-5425,"300 N 16th St Unit C, Payette, ID 83661",Payette,Payette,,true,,2,weekly,docs/payette_county_gun_stores_only.csv,2025-08-18T23:40:42.161Z
b018ebd5,"Crossfire Metal Works / Crossfire","Gun Manufacturer, FFL",retail,N/A,"303 2nd Ave N, Payette, ID 83661",Payette,Payette,,true,,3,monthly,docs/payette_county_gun_stores_only.csv,2025-08-18T23:40:42.161Z
84b21920,"Q's Combat & Tactical LLC","Gun Store, FFL Dealer",retail,702-332-7261,"14 S Main St #102, Payette, ID 83661",Payette,Payette,,true,,2,weekly,docs/payette_county_gun_stores_only.csv,2025-08-18T23:40:42.161Z
0fa49e68,"Bighorn Gunsmithing, LLC","Gun Store, Gunsmith, FFL Dealer",retail,N/A,"4110 Hwy 30 W, New Plymouth, ID 83655",New Plymouth,Payette,,true,,2,weekly,docs/payette_county_gun_stores_only.csv,2025-08-18T23:40:42.161Z
0e59005e,"SRG Armament","Gun Manufacturer, FFL",retail,N/A,"106 Hawthorne Ave, New Plymouth, ID 83655",New Plymouth,Payette,,true,,3,monthly,docs/payette_county_gun_stores_only.csv,2025-08-18T23:40:42.161Z
b7d81d0c,"Bear Mountain Gun & Tool","Gun Store, Gunsmith",retail,N/A,"120 S Plymouth Ave, New Plymouth, ID 83655",New Plymouth,Payette,,true,,2,weekly,docs/payette_county_gun_stores_only.csv,2025-08-18T23:40:42.161Z
f9f6ea5e,"Gunrunner","Gun Store, FFL Dealer",retail,N/A,"841 Howard Ln, Fruitland, ID 83619",Fruitland,Payette,veriforcetactical.com/ffl-store-locator/gunrunner-fruitland/,true,,2,weekly,docs/payette_county_gun_stores_only.csv,2025-08-18T23:40:42.161Z
a39eb47a,"Evans Gun Repair","Gun Store, Gunsmith, FFL Dealer",retail,208-452-5958,"5200 Hwy 95, Fruitland, ID 83619",Fruitland,Payette,,true,,2,weekly,docs/payette_county_gun_stores_only.csv,2025-08-18T23:40:42.161Z
ab8176ae,"Cambridge Distributing LLC","Gun Store, FFL Dealer",retail,N/A,"8156 N Pennsylvania Avenue, Fruitland, ID 83619",Fruitland,Payette,,true,,2,weekly,docs/payette_county_gun_stores_only.csv,2025-08-18T23:40:42.161Z
168f5fe1,"Gem State Pawn","Pawn Shop, Firearms",retail,N/A,"1205 N Whitley Drive #4, Fruitland, ID 83619",Fruitland,Payette,,true,,3,monthly,docs/payette_county_gun_stores_only.csv,2025-08-18T23:40:42.161Z
50166c8e,"Highlight Technologies","Gun Store, FFL Dealer",retail,N/A,"2650 NW 3rd Ave, Fruitland, ID 83619",Fruitland,Payette,,true,,2,weekly,docs/payette_county_gun_stores_only.csv,2025-08-18T23:40:42.161Z
5d07b722,"Ponderosa Sports & Mercantile","Gun Store, Sporting Goods",retail,208-793-3121,"6854 Highway 55, Horseshoe Bend, ID 83629",Horseshoe Bend,Payette,ponderosasports.com,true,,2,weekly,docs/payette_county_gun_stores_only.csv,2025-08-18T23:40:42.161Z
5745721c,"Black's Creek Public Shooting Range","Public Shooting Range",ranges,208-342-9614,"2420 E Kuna Mora Rd, Kuna, ID 83634",Kuna,Ada,idfg.idaho.gov/shoot/blacks-creek,false,"Long Range Match, Youth Shoots, Benchrest Matches",1,daily,docs/ada_county_clubs_ranges_schools_events.csv,2025-08-18T23:40:42.162Z
61f16972,"Independence Indoor Shooting","Indoor Shooting Range, Shop, Training",ranges,208-852-4867,"2749 E Gala Ct, Meridian, ID 83642",Meridian,Ada,iishooting.com,false,"Full Auto Experience, Defensive Pistol Courses",1,daily,docs/ada_county_clubs_ranges_schools_events.csv,2025-08-18T23:40:42.162Z
49a2051b,"Double Tapp Range","Private Shooting Range, Training",ranges,208-559-3337,"16 miles East of Boise, ID",Boise,Ada,doubletappboise.com,false,"Membership Only, Tactical Shooting Events",1,daily,docs/ada_county_clubs_ranges_schools_events.csv,2025-08-18T23:40:42.162Z
6cfc5777,"Idaho Firearms Classes","Firearm Training School",training,208-938-6090,"Boise, ID",Boise,Ada,idahofirearmsclasses.com,false,"Basic to Advanced Firearms Training, CCW Classes",1,daily,docs/ada_county_clubs_ranges_schools_events.csv,2025-08-18T23:40:42.162Z
4afa8b90,"Little Explorers 4-H Shooting Sports","Youth Shooting Club",retail,208-642-6036,"Boise, ID",Boise,Ada,uidaho.edu/extension/county/ada/4-h,false,"Youth Shooting Sports Competitions, Archery",2,weekly,docs/ada_county_clubs_ranges_schools_events.csv,2025-08-18T23:40:42.162Z
a8a2d8ac,"Boise Police Revolver League","Shooting Club",retail,208-344-6274,"Boise, ID",Boise,Ada,,false,"Weekly Practice Matches",2,weekly,docs/ada_county_clubs_ranges_schools_events.csv,2025-08-18T23:40:42.162Z
82d33af9,"Idaho Police Revolver League","Shooting Club",retail,208-344-6274,"Boise, ID",Boise,Ada,,false,"Weekly Practice Matches",2,weekly,docs/ada_county_clubs_ranges_schools_events.csv,2025-08-18T23:40:42.162Z
7bd84032,"Idaho Automatic Weapons Collectors Association Inc","Shooting Club",retail,208-465-0970,"Boise, ID",Boise,Ada,,false,"Gun Shows, Monthly Meetings",2,weekly,docs/ada_county_clubs_ranges_schools_events.csv,2025-08-18T23:40:42.162Z
06f33879,"George W. Nourse Gun Range at Jubilee Park","Public Shooting Range",ranges,208-454-6884,"16802 Nash Rd, Nampa, ID 83686",Nampa,Canyon,canyoncounty.id.gov/project/george-w-nourse-gun-range/,false,"Range maintenance & public use",1,daily,docs/canyon_county_clubs_ranges_schools_events.csv,2025-08-18T23:40:42.162Z
19a8bf67,"Caldwell Gun Club","Shooting Club, Public Range",ranges,208-459-2616,"21840 Pond Ln, Caldwell, ID 83607",Caldwell,Canyon,caldwellshotguncomplex.com,false,"Trap, 5-Stand, Sporting Clays, weekly practice, tournaments",2,weekly,docs/canyon_county_clubs_ranges_schools_events.csv,2025-08-18T23:40:42.162Z
a6ca438a,"Nampa Rod & Gun Club","Shooting Club, Public Range",ranges,N/A,"15053 Bennett Rd, Nampa, ID 83687",Nampa,Canyon,nragc.com,false,"Annual range cleanup, general shooting",2,weekly,docs/canyon_county_clubs_ranges_schools_events.csv,2025-08-18T23:40:42.162Z
30cec950,"Idaho Gun School","Training School",training,208-939-8224,"Nampa, ID",Nampa,Canyon,idahogunschool.com,false,"Safe gun handling, defensive use courses",2,weekly,docs/canyon_county_clubs_ranges_schools_events.csv,2025-08-18T23:40:42.162Z
998c4f36,"Legal Heat Concealed Carry Classes","Firearms Training",training,N/A,"Black's Creek Public Shooting Range, Kuna, ID",Kuna,Ada,legalheat.com,false,"ID Enhanced License to Carry Concealed Weapons classes",2,weekly,docs/canyon_county_clubs_ranges_schools_events.csv,2025-08-18T23:40:42.162Z
0a8b9a41,"Idaho Firearms Classes","Firearms Training",training,208-938-6090,"Boise/Eagle",Boise,Ada,idahofirearmsclasses.com,false,"Basic to advanced training, CCW",2,weekly,docs/canyon_county_clubs_ranges_schools_events.csv,2025-08-18T23:40:42.162Z
2d3c98de,"Nampa Public Shooting Range","Public Shooting Range",ranges,208-465-8400,"222 W Railroad St, Nampa, ID 83651",Nampa,Canyon,idfg.idaho.gov/shoot/nampa,false,"Open year round, diverse shooting sports",1,daily,docs/canyon_county_clubs_ranges_schools_events.csv,2025-08-18T23:40:42.162Z
5c51461b,"Canyon County Concealed Weapons Program","Government Training Program",training,208-454-6909,"1115 Blaine St, Caldwell, ID 83605",Caldwell,Canyon,canyoncounty.id.gov/sheriff/concealed-weapons-permit/,false,"CCW licensing & training",2,weekly,docs/canyon_county_clubs_ranges_schools_events.csv,2025-08-18T23:40:42.162Z
8c32da02,"Caldwell Shooting Supplies","Gun Store, Training Supplies",training,208-899-2920,"5247 S 10th Ave, Caldwell, ID 83607",Caldwell,Canyon,caldwellshooting.com,false,"Ammo and shooting accessories",1,daily,docs/canyon_county_clubs_ranges_schools_events.csv,2025-08-18T23:40:42.162Z
30af32a2,"Gem County Rod & Gun Club","Shooting Club, Range",ranges,208-365-4551,"3600 E Main St, Emmett, ID 83617",Emmett,Gem,gcrgc.net,false,"CMP Matches, Cowboy Action Shooters, USPSA Matches, Steel Challenge",2,weekly,docs/gem_county_clubs_ranges_schools_events.csv,2025-08-18T23:40:42.162Z
64c38bc8,"Idaho Firearms Classes","Firearm Training School",training,N/A,"Boise Area",Boise,Ada,idahofirearmsclasses.com,false,"Basic & Advanced Training, CCW Classes",1,daily,docs/gem_county_clubs_ranges_schools_events.csv,2025-08-18T23:40:42.162Z
1e25253e,"Rock Creek Ranch","Private Training Range",ranges,208-996-3555,"11300 Pearl Rd, Emmett, ID 83617",Emmett,Gem,littletrapper.com/rock-creek-ranch,false,"Private Training Events",2,weekly,docs/gem_county_clubs_ranges_schools_events.csv,2025-08-18T23:40:42.162Z
fc4477cf,"Gem County Fairgrounds","Event Venue",retail,208-365-4550,"453 S 18th St, Emmett, ID 83617",Emmett,Gem,gemcountyfairgrounds.com,false,"Gem/Boise County Fair, PRCA Black Canyon Rodeo",2,weekly,docs/gem_county_clubs_ranges_schools_events.csv,2025-08-18T23:40:42.162Z
2e493857,"Gem State Firearms Training","Firearms Training",training,N/A,"Post Falls, ID",Post Falls,Kootenai,gemstateft.com,false,"Concealed Carry && Safety Classes",2,weekly,docs/gem_county_clubs_ranges_schools_events.csv,2025-08-18T23:40:42.162Z
b43d92e7,"Parma Rod & Gun Club","Shooting Club",retail,+1-208-850-7097,"1420 Boehm Ln, Parma, ID 83660",Parma,Payette,parmarng.org,false,,2,weekly,docs/payette_county_clubs_ranges_schools_events.csv,2025-08-18T23:40:42.162Z
da47a911,"Payette River Ranch","Shooting Range/Event Location",ranges,N/A,"3700 Highway 52, Payette, ID 83661",Payette,Payette,,false,,3,monthly,docs/payette_county_clubs_ranges_schools_events.csv,2025-08-18T23:40:42.162Z
760a1594,"Prism Ranch","Training School, Shooting Range, Firearm Classes",ranges,208-514-9503,"5150 SE 2nd Avenue, New Plymouth, ID 83655",New Plymouth,Payette,prismprotectionservices.com,false,,2,weekly,docs/payette_county_clubs_ranges_schools_events.csv,2025-08-18T23:40:42.162Z
eefd8a2f,"Payette County Courthouse Concealed Weapons Class","Firearms Training, CCW Class",training,208-642-6006,"1130 3rd Avenue North, Payette, ID 83661",Payette,Payette,payettecounty.org,false,,2,weekly,docs/payette_county_clubs_ranges_schools_events.csv,2025-08-18T23:40:42.163Z
6c95b5c7,"Payette Clay Shoot Competition","Shooting Event",retail,N/A,"Payette River Ranch, 3700 Highway 52, Payette, ID 83661",Payette,Payette,allevents.in,false,,2,weekly,docs/payette_county_clubs_ranges_schools_events.csv,2025-08-18T23:40:42.163Z
722c6e61,"4-H Archery Indoor Buckle Up Shoot","Archery Event",retail,N/A,"Payette County",Payette,Payette,uidaho.edu,false,,2,weekly,docs/payette_county_clubs_ranges_schools_events.csv,2025-08-18T23:40:42.163Z